k_tuple,Slide (RNA),Adenine content,Hydrophilicity (RNA),Tilt (RNA),Stacking energy (RNA),Twist (RNA),Entropy (RNA),Roll (RNA),Purine (AG) content,Hydrophilicity (RNA)1,Enthalpy (RNA)1,GC content,Entropy (RNA)1,Rise (RNA),Free energy (RNA),Keto (GT) content,Free energy (RNA)1,Enthalpy (RNA),Guanine content,Shift (RNA),Cytosine content,Thymine content
AA,-1.27,2.0,0.04,-0.8,-13.7,31.0,-18.4,7.0,2.0,0.023,-6.82,0.0,-19.0,3.18,-0.9,0.0,-0.93,-6.6,0.0,-0.08,0.0,0.0
AC,-1.43,1.0,0.14,0.8,-13.8,32.0,-26.2,4.8,1.0,0.083,-11.4,1.0,-29.5,3.24,-2.1,0.0,-2.24,-10.2,0.0,0.23,1.0,0.0
AG,-1.5,1.0,0.08,0.5,-14.0,30.0,-19.2,8.5,2.0,0.035,-10.48,1.0,-27.1,3.3,-1.7,0.0,-2.08,-7.6,1.0,-0.04,0.0,0.0
AU,-1.36,1.0,0.14,1.1,-15.4,33.0,-15.5,7.1,1.0,0.09,-9.38,0.0,-26.7,3.24,-0.9,1.0,-1.1,-5.7,0.0,-0.06,0.0,1.0
CA,-1.46,1.0,0.21,1.0,-14.4,31.0,-27.8,9.9,1.0,0.118,-10.44,1.0,-26.9,3.09,-1.8,0.0,-2.11,-10.5,0.0,0.11,1.0,0.0
CC,-1.78,0.0,0.49,0.3,-11.1,32.0,-29.7,8.7,0.0,0.349,-13.39,2.0,-32.7,3.32,-2.9,0.0,-3.26,-12.2,0.0,-0.01,2.0,0.0
CG,-1.89,0.0,0.35,-0.1,-15.6,27.0,-19.4,12.1,1.0,0.193,-10.64,2.0,-26.7,3.3,-2.0,1.0,-2.36,-8.0,1.0,0.3,1.0,0.0
CU,-1.5,0.0,0.52,0.5,-14.0,30.0,-19.2,8.5,0.0,0.378,-10.48,1.0,-27.1,3.3,-1.7,1.0,-2.08,-7.6,0.0,-0.04,1.0,1.0
GA,-1.7,1.0,0.1,1.3,-14.2,32.0,-35.5,9.4,2.0,0.048,-12.44,1.0,-32.5,3.38,-2.3,1.0,-2.35,-13.3,1.0,0.07,0.0,0.0
GC,-1.39,0.0,0.26,0.0,-16.9,35.0,-34.9,6.1,1.0,0.146,-14.88,2.0,-36.9,3.22,-3.4,1.0,-3.42,-14.2,1.0,0.07,1.0,0.0
GG,-1.78,0.0,0.17,0.3,-11.1,32.0,-29.7,12.1,2.0,0.065,-13.39,2.0,-32.7,3.32,-2.9,2.0,-3.26,-12.2,2.0,-0.01,0.0,0.0
GU,-1.43,0.0,0.27,0.8,-13.8,32.0,-26.2,4.8,1.0,0.16,-11.4,1.0,-29.5,3.24,-2.1,2.0,-2.24,-10.2,1.0,0.23,0.0,1.0
UA,-1.45,1.0,0.21,-0.2,-16.0,32.0,-22.6,10.7,1.0,0.112,-7.69,0.0,-20.5,3.26,-1.1,1.0,-1.33,-8.1,0.0,-0.02,0.0,1.0
UC,-1.7,0.0,0.48,1.3,-14.2,32.0,-26.2,9.4,0.0,0.359,-12.44,1.0,-32.5,3.38,-2.1,1.0,-2.35,-10.2,0.0,0.07,1.0,1.0
UG,-1.46,0.0,0.34,1.0,-14.4,31.0,-19.2,9.9,1.0,0.224,-10.44,1.0,-26.9,3.09,-1.7,1.0,-2.11,-7.6,1.0,0.11,0.0,1.0
UU,-1.27,0.0,0.44,-0.8,-13.7,31.0,-18.4,7.0,0.0,0.389,-6.82,0.0,-19.0,3.18,-0.9,2.0,-0.93,-6.6,0.0,-0.08,0.0,2.0
